dimension,label,episode_count,share_of_episodes,rate_per_market_hour,additive,method,rate_denominator_method
relation_type,implies,1,1,9000.0000000000000000000000000000000000000000000001,False,multi-label; one episode contributes once to every distinct label,recording_coverage_fallback; deduplicated by source recording; event-time intervals are unioned within each market
relation_source,manual,1,1,9000.0000000000000000000000000000000000000000000001,False,multi-label; one episode contributes once to every distinct label,recording_coverage_fallback; deduplicated by source recording; event-time intervals are unioned within each market
category,Sports,1,1,9000.0000000000000000000000000000000000000000000001,False,multi-label; one episode contributes once to every distinct label,recording_coverage_fallback; deduplicated by source recording; event-time intervals are unioned within each market
time_to_settlement,<1h,0,0,0,True,"single fixed bucket per episode, measured at OPEN event time",recording_coverage_fallback; deduplicated by source recording; event-time intervals are unioned within each market
time_to_settlement,1–6h,1,1,9000.0000000000000000000000000000000000000000000001,True,"single fixed bucket per episode, measured at OPEN event time",recording_coverage_fallback; deduplicated by source recording; event-time intervals are unioned within each market
time_to_settlement,6–24h,0,0,0,True,"single fixed bucket per episode, measured at OPEN event time",recording_coverage_fallback; deduplicated by source recording; event-time intervals are unioned within each market
time_to_settlement,1–7d,0,0,0,True,"single fixed bucket per episode, measured at OPEN event time",recording_coverage_fallback; deduplicated by source recording; event-time intervals are unioned within each market
time_to_settlement,>7d,0,0,0,True,"single fixed bucket per episode, measured at OPEN event time",recording_coverage_fallback; deduplicated by source recording; event-time intervals are unioned within each market
time_to_settlement,unknown,0,0,0,True,"single fixed bucket per episode, measured at OPEN event time",recording_coverage_fallback; deduplicated by source recording; event-time intervals are unioned within each market
