metric,count,median,p90,maximum,value,note
unique_episodes,1,,,,1,one OPEN-led episode after recording/replay cohort deduplication
market_hours,,,,,0.00011111111111111111111111111111111111111111111111111,recording_coverage_fallback
gross_edge,1,0.086956521739130435,0.086956521739130435,0.086956521739130435,,Decimal type-7 interpolation; missing values are excluded
net_edge,1,0.086956521739130435,0.086956521739130435,0.086956521739130435,,Decimal type-7 interpolation; missing values are excluded
closed_duration_seconds,1,0.125,0.125,0.125,,Decimal type-7 interpolation; missing values are excluded
right_censored_lower_bound_seconds,0,,,,,Decimal type-7 interpolation; missing values are excluded
maximum_capital,1,0.920000000000000000,0.920000000000000000,0.920000000000000000,,Decimal type-7 interpolation; missing values are excluded
guaranteed_dollars,1,0.080000000000000000,0.080000000000000000,0.080000000000000000,,Decimal type-7 interpolation; missing values are excluded
paper_locked_profit,0,,,,,Decimal type-7 interpolation; missing values are excluded
total_hypothetical_guaranteed_dollars,1,,,,0.080000000000000000,Sum of one peak net guarantee per episode; episodes can overlap and are not independent realized profits.
